Possible ongoing attack: DoS (UDP flood);09/07/2025 10:52:14;09/07/2025 10:52:15
Possible ongoing attack: DoS (TCP flood);09/07/2025 10:52:12;09/07/2025 10:52:20
Possible ongoing attack: DoS (UDP flood);09/07/2025 10:52:19;09/07/2025 10:52:20
Possible ongoing attack: DoS (TCP flood);09/07/2025 10:52:36;09/07/2025 10:52:39
Possible ongoing attack: DoS (TCP flood);09/07/2025 10:53:20;09/07/2025 10:53:50
Possible ongoing attack: DoS (TCP flood);09/07/2025 10:53:54;09/07/2025 10:54:35
Possible ongoing attack: DoS (TCP flood);09/07/2025 10:55:14;09/07/2025 10:55:26
Possible ongoing attack: DoS (TCP flood);09/07/2025 10:55:27;09/07/2025 10:55:51
Possible ongoing attack: DoS (TCP flood);09/07/2025 10:55:53;09/07/2025 10:56:17
Possible ongoing attack: DoS (TCP flood);09/07/2025 10:56:29;09/07/2025 10:56:50
Possible ongoing attack: DoS (TCP flood);09/07/2025 10:56:59;09/07/2025 10:57:11
Possible ongoing attack: DoS (TCP flood);09/07/2025 10:57:29;09/07/2025 10:58:20
Possible ongoing attack: DoS (TCP flood);09/07/2025 10:58:29;09/07/2025 10:59:50
unexpected data received on the port 60000;09/07/2025 11:02:32;09/07/2025 11:02:32
unexpected data received on the port 60000;09/07/2025 11:02:49;09/07/2025 11:02:49
Possible ongoing attack: DoS (TCP flood);09/07/2025 11:02:26;09/07/2025 11:03:14
Possible ongoing attack: DoS (TCP flood);09/07/2025 11:02:26;09/07/2025 11:05:43
Possible ongoing attack: DoS (UDP flood);09/07/2025 11:57:04;09/07/2025 11:58:15
Possible ongoing attack: DoS (UDP flood);09/07/2025 12:08:54;09/07/2025 12:10:26
Possible ongoing attack: DoS (ping flood);09/07/2025 12:08:56;09/07/2025 12:10:26
Possible ongoing attack: DoS (UDP flood);09/07/2025 12:54:13;09/07/2025 12:54:18
Possible ongoing attack: DoS (TCP flood);09/07/2025 12:54:18;09/07/2025 12:54:18
Possible ongoing attack: DoS (UDP flood);09/07/2025 12:55:25;09/07/2025 12:55:33
Possible ongoing attack: DoS (TCP flood);09/07/2025 12:55:25;09/07/2025 12:55:33
unexpected data received on the port 443;09/07/2025 13:07:00;09/07/2025 13:07:00
unexpected data received on the port 443;09/07/2025 13:07:03;09/07/2025 13:07:03
unexpected data received on the port 443;09/07/2025 13:07:03;09/07/2025 13:07:03
unexpected data received on the port 443;09/07/2025 13:07:04;09/07/2025 13:07:04
unexpected data received on the port 443;09/07/2025 13:07:05;09/07/2025 13:07:05
unexpected data received on the port 443;09/07/2025 13:07:05;09/07/2025 13:07:05
unexpected data received on the port 443;09/07/2025 13:07:05;09/07/2025 13:07:05
unexpected data received on the port 443;09/07/2025 13:07:05;09/07/2025 13:07:05
unexpected data received on the port 443;09/07/2025 13:07:05;09/07/2025 13:07:05
unexpected data received on the port 443;09/07/2025 13:07:05;09/07/2025 13:07:05
unexpected data received on the port 443;09/07/2025 13:07:05;09/07/2025 13:07:05
unexpected data received on the port 443;09/07/2025 13:07:05;09/07/2025 13:07:05
unexpected data received on the port 443;09/07/2025 13:07:05;09/07/2025 13:07:05
unexpected data received on the port 443;09/07/2025 13:07:05;09/07/2025 13:07:05
unexpected data received on the port 443;09/07/2025 13:07:05;09/07/2025 13:07:05
unexpected data received on the port 443;09/07/2025 13:07:05;09/07/2025 13:07:05
unexpected data received on the port 443;09/07/2025 13:07:05;09/07/2025 13:07:05
unexpected data received on the port 443;09/07/2025 13:07:06;09/07/2025 13:07:06
unexpected data received on the port 443;09/07/2025 13:07:06;09/07/2025 13:07:06
unexpected data received on the port 443;09/07/2025 13:07:06;09/07/2025 13:07:06
unexpected data received on the port 443;09/07/2025 13:07:06;09/07/2025 13:07:06
unexpected data received on the port 443;09/07/2025 13:07:06;09/07/2025 13:07:06
unexpected data received on the port 443;09/07/2025 13:07:06;09/07/2025 13:07:06
unexpected data received on the port 443;09/07/2025 13:07:06;09/07/2025 13:07:06
unexpected data received on the port 443;09/07/2025 13:07:06;09/07/2025 13:07:06
unexpected data received on the port 443;09/07/2025 13:07:06;09/07/2025 13:07:06
unexpected data received on the port 443;09/07/2025 13:07:06;09/07/2025 13:07:06
unexpected data received on the port 443;09/07/2025 13:07:07;09/07/2025 13:07:07
unexpected data received on the port 443;09/07/2025 13:07:07;09/07/2025 13:07:07
unexpected data received on the port 443;09/07/2025 13:07:07;09/07/2025 13:07:07
unexpected data received on the port 443;09/07/2025 13:07:07;09/07/2025 13:07:07
unexpected data received on the port 443;09/07/2025 13:07:07;09/07/2025 13:07:07
unexpected data received on the port 443;09/07/2025 13:07:07;09/07/2025 13:07:07
unexpected data received on the port 443;09/07/2025 13:07:07;09/07/2025 13:07:07
unexpected data received on the port 443;09/07/2025 13:07:07;09/07/2025 13:07:07
unexpected data received on the port 443;09/07/2025 13:07:07;09/07/2025 13:07:07
unexpected data received on the port 443;09/07/2025 13:07:07;09/07/2025 13:07:07
unexpected data received on the port 443;09/07/2025 13:07:07;09/07/2025 13:07:07
unexpected data received on the port 443;09/07/2025 13:07:07;09/07/2025 13:07:07
unexpected data received on the port 443;09/07/2025 13:07:07;09/07/2025 13:07:07
unexpected data received on the port 443;09/07/2025 13:07:07;09/07/2025 13:07:07
unexpected data received on the port 443;09/07/2025 13:07:07;09/07/2025 13:07:07
unexpected data received on the port 443;09/07/2025 13:07:07;09/07/2025 13:07:07
unexpected data received on the port 443;09/07/2025 13:07:07;09/07/2025 13:07:07
unexpected data received on the port 443;09/07/2025 13:07:08;09/07/2025 13:07:08
unexpected data received on the port 443;09/07/2025 13:07:08;09/07/2025 13:07:08
unexpected data received on the port 443;09/07/2025 13:07:08;09/07/2025 13:07:08
unexpected data received on the port 443;09/07/2025 13:07:08;09/07/2025 13:07:08
unexpected data received on the port 443;09/07/2025 13:07:08;09/07/2025 13:07:08
unexpected data received on the port 443;09/07/2025 13:07:08;09/07/2025 13:07:08
unexpected data received on the port 443;09/07/2025 13:07:08;09/07/2025 13:07:08
unexpected data received on the port 443;09/07/2025 13:07:08;09/07/2025 13:07:08
unexpected data received on the port 443;09/07/2025 13:07:08;09/07/2025 13:07:08
unexpected data received on the port 443;09/07/2025 13:07:08;09/07/2025 13:07:08
unexpected data received on the port 443;09/07/2025 13:07:08;09/07/2025 13:07:08
unexpected data received on the port 443;09/07/2025 13:07:08;09/07/2025 13:07:08
unexpected data received on the port 443;09/07/2025 13:07:08;09/07/2025 13:07:08
unexpected data received on the port 443;09/07/2025 13:07:09;09/07/2025 13:07:09
unexpected data received on the port 443;09/07/2025 13:07:09;09/07/2025 13:07:09
unexpected data received on the port 443;09/07/2025 13:07:09;09/07/2025 13:07:09
unexpected data received on the port 443;09/07/2025 13:07:09;09/07/2025 13:07:09
unexpected data received on the port 443;09/07/2025 13:07:09;09/07/2025 13:07:09
unexpected data received on the port 443;09/07/2025 13:07:09;09/07/2025 13:07:09
unexpected data received on the port 443;09/07/2025 13:07:09;09/07/2025 13:07:09
unexpected data received on the port 443;09/07/2025 13:07:09;09/07/2025 13:07:09
unexpected data received on the port 443;09/07/2025 13:07:09;09/07/2025 13:07:09
unexpected data received on the port 443;09/07/2025 13:07:09;09/07/2025 13:07:09
unexpected data received on the port 443;09/07/2025 13:07:10;09/07/2025 13:07:10
unexpected data received on the port 443;09/07/2025 13:07:10;09/07/2025 13:07:10
unexpected data received on the port 443;09/07/2025 13:07:10;09/07/2025 13:07:10
unexpected data received on the port 443;09/07/2025 13:07:11;09/07/2025 13:07:11
unexpected data received on the port 443;09/07/2025 13:07:11;09/07/2025 13:07:11
unexpected data received on the port 443;09/07/2025 13:07:11;09/07/2025 13:07:11
unexpected data received on the port 443;09/07/2025 13:07:11;09/07/2025 13:07:11
unexpected data received on the port 443;09/07/2025 13:07:11;09/07/2025 13:07:11
unexpected data received on the port 443;09/07/2025 13:07:11;09/07/2025 13:07:11
unexpected data received on the port 443;09/07/2025 13:07:11;09/07/2025 13:07:11
unexpected data received on the port 443;09/07/2025 13:07:11;09/07/2025 13:07:11
unexpected data received on the port 443;09/07/2025 13:07:12;09/07/2025 13:07:12
unexpected data received on the port 443;09/07/2025 13:07:12;09/07/2025 13:07:12
unexpected data received on the port 443;09/07/2025 13:07:12;09/07/2025 13:07:12
unexpected data received on the port 443;09/07/2025 13:07:12;09/07/2025 13:07:12
unexpected data received on the port 443;09/07/2025 13:07:12;09/07/2025 13:07:12
unexpected data received on the port 443;09/07/2025 13:07:12;09/07/2025 13:07:12
unexpected data received on the port 443;09/07/2025 13:07:12;09/07/2025 13:07:12
unexpected data received on the port 443;09/07/2025 13:07:12;09/07/2025 13:07:12
unexpected data received on the port 443;09/07/2025 13:07:12;09/07/2025 13:07:12
unexpected data received on the port 443;09/07/2025 13:07:13;09/07/2025 13:07:13
unexpected data received on the port 443;09/07/2025 13:07:13;09/07/2025 13:07:13
unexpected data received on the port 443;09/07/2025 13:07:15;09/07/2025 13:07:15
unexpected data received on the port 443;09/07/2025 13:07:15;09/07/2025 13:07:15
unexpected data received on the port 443;09/07/2025 13:07:15;09/07/2025 13:07:15
unexpected data received on the port 443;09/07/2025 13:07:15;09/07/2025 13:07:15
unexpected data received on the port 443;09/07/2025 13:07:15;09/07/2025 13:07:15
unexpected data received on the port 443;09/07/2025 13:07:15;09/07/2025 13:07:15
unexpected data received on the port 443;09/07/2025 13:07:15;09/07/2025 13:07:15
unexpected data received on the port 443;09/07/2025 13:07:15;09/07/2025 13:07:15
unexpected data received on the port 443;09/07/2025 13:07:15;09/07/2025 13:07:15
unexpected data received on the port 443;09/07/2025 13:07:15;09/07/2025 13:07:15
unexpected data received on the port 443;09/07/2025 13:07:15;09/07/2025 13:07:15
unexpected data received on the port 443;09/07/2025 13:07:15;09/07/2025 13:07:15
unexpected data received on the port 443;09/07/2025 13:07:15;09/07/2025 13:07:15
unexpected data received on the port 443;09/07/2025 13:07:15;09/07/2025 13:07:15
unexpected data received on the port 443;09/07/2025 13:07:16;09/07/2025 13:07:16
unexpected data received on the port 443;09/07/2025 13:07:16;09/07/2025 13:07:16
unexpected data received on the port 443;09/07/2025 13:07:16;09/07/2025 13:07:16
unexpected data received on the port 443;09/07/2025 13:07:16;09/07/2025 13:07:16
unexpected data received on the port 443;09/07/2025 13:07:16;09/07/2025 13:07:16
unexpected data received on the port 443;09/07/2025 13:07:16;09/07/2025 13:07:16
unexpected data received on the port 443;09/07/2025 13:07:16;09/07/2025 13:07:16
unexpected data received on the port 443;09/07/2025 13:07:16;09/07/2025 13:07:16
unexpected data received on the port 443;09/07/2025 13:07:16;09/07/2025 13:07:16
unexpected data received on the port 443;09/07/2025 13:07:16;09/07/2025 13:07:16
unexpected data received on the port 443;09/07/2025 13:07:16;09/07/2025 13:07:16
unexpected data received on the port 443;09/07/2025 13:07:16;09/07/2025 13:07:16
unexpected data received on the port 443;09/07/2025 13:07:16;09/07/2025 13:07:16
unexpected data received on the port 443;09/07/2025 13:07:17;09/07/2025 13:07:17
unexpected data received on the port 443;09/07/2025 13:07:17;09/07/2025 13:07:17
unexpected data received on the port 443;09/07/2025 13:07:17;09/07/2025 13:07:17
unexpected data received on the port 443;09/07/2025 13:07:17;09/07/2025 13:07:17
unexpected data received on the port 443;09/07/2025 13:07:17;09/07/2025 13:07:17
unexpected data received on the port 443;09/07/2025 13:07:17;09/07/2025 13:07:17
unexpected data received on the port 443;09/07/2025 13:07:17;09/07/2025 13:07:17
unexpected data received on the port 443;09/07/2025 13:07:17;09/07/2025 13:07:17
unexpected data received on the port 443;09/07/2025 13:07:17;09/07/2025 13:07:17
unexpected data received on the port 443;09/07/2025 13:07:17;09/07/2025 13:07:17
unexpected data received on the port 443;09/07/2025 13:07:17;09/07/2025 13:07:17
unexpected data received on the port 443;09/07/2025 13:07:18;09/07/2025 13:07:18
unexpected data received on the port 443;09/07/2025 13:07:18;09/07/2025 13:07:18
unexpected data received on the port 443;09/07/2025 13:07:18;09/07/2025 13:07:18
unexpected data received on the port 443;09/07/2025 13:07:18;09/07/2025 13:07:18
unexpected data received on the port 443;09/07/2025 13:07:19;09/07/2025 13:07:19
unexpected data received on the port 443;09/07/2025 13:07:19;09/07/2025 13:07:19
unexpected data received on the port 443;09/07/2025 13:07:20;09/07/2025 13:07:20
unexpected data received on the port 443;09/07/2025 13:07:20;09/07/2025 13:07:20
unexpected data received on the port 443;09/07/2025 13:07:20;09/07/2025 13:07:20
unexpected data received on the port 443;09/07/2025 13:07:21;09/07/2025 13:07:21
unexpected data received on the port 443;09/07/2025 13:07:22;09/07/2025 13:07:22
unexpected data received on the port 443;09/07/2025 13:07:22;09/07/2025 13:07:22
unexpected data received on the port 443;09/07/2025 13:07:22;09/07/2025 13:07:22
unexpected data received on the port 443;09/07/2025 13:07:22;09/07/2025 13:07:22
unexpected data received on the port 443;09/07/2025 13:07:22;09/07/2025 13:07:22
unexpected data received on the port 443;09/07/2025 13:07:22;09/07/2025 13:07:22
unexpected data received on the port 443;09/07/2025 13:07:23;09/07/2025 13:07:23
unexpected data received on the port 443;09/07/2025 13:07:23;09/07/2025 13:07:23
unexpected data received on the port 443;09/07/2025 13:07:23;09/07/2025 13:07:23
unexpected data received on the port 443;09/07/2025 13:07:25;09/07/2025 13:07:25
unexpected data received on the port 443;09/07/2025 13:07:25;09/07/2025 13:07:25
unexpected data received on the port 443;09/07/2025 13:07:26;09/07/2025 13:07:26
unexpected data received on the port 443;09/07/2025 13:07:26;09/07/2025 13:07:26
unexpected data received on the port 443;09/07/2025 13:07:26;09/07/2025 13:07:26
unexpected data received on the port 443;09/07/2025 13:07:26;09/07/2025 13:07:26
unexpected data received on the port 443;09/07/2025 13:07:27;09/07/2025 13:07:27
Possible ongoing attack: DoS (UDP flood);09/07/2025 13:07:00;09/07/2025 13:07:27
Possible ongoing attack: DoS (TCP flood);09/07/2025 13:07:03;09/07/2025 13:07:27
unexpected data received on the port 443;09/07/2025 13:12:07;09/07/2025 13:12:07
unexpected data received on the port 443;09/07/2025 13:12:08;09/07/2025 13:12:08
unexpected data received on the port 443;09/07/2025 13:12:08;09/07/2025 13:12:08
unexpected data received on the port 443;09/07/2025 13:12:08;09/07/2025 13:12:08
unexpected data received on the port 443;09/07/2025 13:12:08;09/07/2025 13:12:08
unexpected data received on the port 443;09/07/2025 13:12:09;09/07/2025 13:12:09
unexpected data received on the port 443;09/07/2025 13:12:09;09/07/2025 13:12:09
unexpected data received on the port 443;09/07/2025 13:12:09;09/07/2025 13:12:09
unexpected data received on the port 443;09/07/2025 13:12:09;09/07/2025 13:12:09
unexpected data received on the port 443;09/07/2025 13:12:10;09/07/2025 13:12:10
unexpected data received on the port 443;09/07/2025 13:12:10;09/07/2025 13:12:10
unexpected data received on the port 443;09/07/2025 13:12:10;09/07/2025 13:12:10
unexpected data received on the port 443;09/07/2025 13:12:10;09/07/2025 13:12:10
unexpected data received on the port 443;09/07/2025 13:12:10;09/07/2025 13:12:10
unexpected data received on the port 443;09/07/2025 13:12:10;09/07/2025 13:12:10
unexpected data received on the port 443;09/07/2025 13:12:10;09/07/2025 13:12:10
unexpected data received on the port 443;09/07/2025 13:12:10;09/07/2025 13:12:10
unexpected data received on the port 443;09/07/2025 13:12:10;09/07/2025 13:12:10
unexpected data received on the port 443;09/07/2025 13:12:10;09/07/2025 13:12:10
unexpected data received on the port 443;09/07/2025 13:12:10;09/07/2025 13:12:10
unexpected data received on the port 443;09/07/2025 13:12:10;09/07/2025 13:12:10
unexpected data received on the port 443;09/07/2025 13:12:11;09/07/2025 13:12:11
unexpected data received on the port 443;09/07/2025 13:12:11;09/07/2025 13:12:11
unexpected data received on the port 443;09/07/2025 13:12:11;09/07/2025 13:12:11
unexpected data received on the port 443;09/07/2025 13:12:11;09/07/2025 13:12:11
unexpected data received on the port 443;09/07/2025 13:12:11;09/07/2025 13:12:11
unexpected data received on the port 443;09/07/2025 13:12:11;09/07/2025 13:12:11
unexpected data received on the port 443;09/07/2025 13:12:11;09/07/2025 13:12:11
unexpected data received on the port 443;09/07/2025 13:12:11;09/07/2025 13:12:11
unexpected data received on the port 443;09/07/2025 13:12:12;09/07/2025 13:12:12
unexpected data received on the port 443;09/07/2025 13:12:12;09/07/2025 13:12:12
unexpected data received on the port 443;09/07/2025 13:12:12;09/07/2025 13:12:12
unexpected data received on the port 443;09/07/2025 13:12:12;09/07/2025 13:12:12
unexpected data received on the port 443;09/07/2025 13:12:12;09/07/2025 13:12:12
unexpected data received on the port 443;09/07/2025 13:12:12;09/07/2025 13:12:12
unexpected data received on the port 443;09/07/2025 13:12:13;09/07/2025 13:12:13
unexpected data received on the port 443;09/07/2025 13:12:13;09/07/2025 13:12:13
unexpected data received on the port 443;09/07/2025 13:12:15;09/07/2025 13:12:15
unexpected data received on the port 443;09/07/2025 13:12:15;09/07/2025 13:12:15
unexpected data received on the port 443;09/07/2025 13:12:16;09/07/2025 13:12:16
unexpected data received on the port 443;09/07/2025 13:12:16;09/07/2025 13:12:16
unexpected data received on the port 443;09/07/2025 13:12:17;09/07/2025 13:12:17
unexpected data received on the port 443;09/07/2025 13:12:17;09/07/2025 13:12:17
unexpected data received on the port 443;09/07/2025 13:12:17;09/07/2025 13:12:17
unexpected data received on the port 443;09/07/2025 13:12:17;09/07/2025 13:12:17
unexpected data received on the port 443;09/07/2025 13:12:17;09/07/2025 13:12:17
unexpected data received on the port 443;09/07/2025 13:12:17;09/07/2025 13:12:17
unexpected data received on the port 443;09/07/2025 13:12:18;09/07/2025 13:12:18
unexpected data received on the port 443;09/07/2025 13:12:18;09/07/2025 13:12:18
unexpected data received on the port 443;09/07/2025 13:12:18;09/07/2025 13:12:18
unexpected data received on the port 443;09/07/2025 13:12:18;09/07/2025 13:12:18
unexpected data received on the port 443;09/07/2025 13:12:18;09/07/2025 13:12:18
unexpected data received on the port 443;09/07/2025 13:12:18;09/07/2025 13:12:18
unexpected data received on the port 443;09/07/2025 13:12:18;09/07/2025 13:12:18
unexpected data received on the port 443;09/07/2025 13:12:19;09/07/2025 13:12:19
unexpected data received on the port 443;09/07/2025 13:12:19;09/07/2025 13:12:19
unexpected data received on the port 443;09/07/2025 13:12:19;09/07/2025 13:12:19
unexpected data received on the port 443;09/07/2025 13:12:21;09/07/2025 13:12:21
unexpected data received on the port 443;09/07/2025 13:12:21;09/07/2025 13:12:21
unexpected data received on the port 443;09/07/2025 13:12:21;09/07/2025 13:12:21
unexpected data received on the port 443;09/07/2025 13:12:21;09/07/2025 13:12:21
unexpected data received on the port 443;09/07/2025 13:12:21;09/07/2025 13:12:21
unexpected data received on the port 443;09/07/2025 13:12:21;09/07/2025 13:12:21
unexpected data received on the port 443;09/07/2025 13:12:21;09/07/2025 13:12:21
unexpected data received on the port 443;09/07/2025 13:12:21;09/07/2025 13:12:21
unexpected data received on the port 443;09/07/2025 13:12:21;09/07/2025 13:12:21
unexpected data received on the port 443;09/07/2025 13:12:21;09/07/2025 13:12:21
unexpected data received on the port 443;09/07/2025 13:12:21;09/07/2025 13:12:21
unexpected data received on the port 443;09/07/2025 13:12:21;09/07/2025 13:12:21
unexpected data received on the port 443;09/07/2025 13:12:21;09/07/2025 13:12:21
unexpected data received on the port 443;09/07/2025 13:12:21;09/07/2025 13:12:21
unexpected data received on the port 443;09/07/2025 13:12:21;09/07/2025 13:12:21
unexpected data received on the port 443;09/07/2025 13:12:21;09/07/2025 13:12:21
unexpected data received on the port 443;09/07/2025 13:12:21;09/07/2025 13:12:21
unexpected data received on the port 443;09/07/2025 13:12:21;09/07/2025 13:12:21
unexpected data received on the port 443;09/07/2025 13:12:21;09/07/2025 13:12:21
unexpected data received on the port 443;09/07/2025 13:12:21;09/07/2025 13:12:21
unexpected data received on the port 443;09/07/2025 13:12:22;09/07/2025 13:12:22
unexpected data received on the port 443;09/07/2025 13:12:22;09/07/2025 13:12:22
unexpected data received on the port 443;09/07/2025 13:12:22;09/07/2025 13:12:22
unexpected data received on the port 443;09/07/2025 13:12:22;09/07/2025 13:12:22
unexpected data received on the port 443;09/07/2025 13:12:22;09/07/2025 13:12:22
unexpected data received on the port 443;09/07/2025 13:12:22;09/07/2025 13:12:22
unexpected data received on the port 443;09/07/2025 13:12:22;09/07/2025 13:12:22
unexpected data received on the port 443;09/07/2025 13:12:22;09/07/2025 13:12:22
unexpected data received on the port 443;09/07/2025 13:12:22;09/07/2025 13:12:22
unexpected data received on the port 443;09/07/2025 13:12:22;09/07/2025 13:12:22
unexpected data received on the port 443;09/07/2025 13:12:22;09/07/2025 13:12:22
unexpected data received on the port 443;09/07/2025 13:12:22;09/07/2025 13:12:22
unexpected data received on the port 443;09/07/2025 13:12:23;09/07/2025 13:12:23
unexpected data received on the port 443;09/07/2025 13:12:23;09/07/2025 13:12:23
unexpected data received on the port 443;09/07/2025 13:12:23;09/07/2025 13:12:23
unexpected data received on the port 443;09/07/2025 13:12:23;09/07/2025 13:12:23
unexpected data received on the port 443;09/07/2025 13:12:24;09/07/2025 13:12:24
unexpected data received on the port 443;09/07/2025 13:12:24;09/07/2025 13:12:24
unexpected data received on the port 443;09/07/2025 13:12:24;09/07/2025 13:12:24
unexpected data received on the port 443;09/07/2025 13:12:24;09/07/2025 13:12:24
unexpected data received on the port 443;09/07/2025 13:12:25;09/07/2025 13:12:25
unexpected data received on the port 443;09/07/2025 13:12:25;09/07/2025 13:12:25
unexpected data received on the port 443;09/07/2025 13:12:25;09/07/2025 13:12:25
unexpected data received on the port 443;09/07/2025 13:12:25;09/07/2025 13:12:25
unexpected data received on the port 443;09/07/2025 13:12:25;09/07/2025 13:12:25
unexpected data received on the port 443;09/07/2025 13:12:26;09/07/2025 13:12:26
unexpected data received on the port 443;09/07/2025 13:12:26;09/07/2025 13:12:26
unexpected data received on the port 443;09/07/2025 13:12:26;09/07/2025 13:12:26
unexpected data received on the port 443;09/07/2025 13:12:26;09/07/2025 13:12:26
unexpected data received on the port 443;09/07/2025 13:12:26;09/07/2025 13:12:26
unexpected data received on the port 443;09/07/2025 13:12:26;09/07/2025 13:12:26
unexpected data received on the port 443;09/07/2025 13:12:26;09/07/2025 13:12:26
unexpected data received on the port 443;09/07/2025 13:12:26;09/07/2025 13:12:26
unexpected data received on the port 443;09/07/2025 13:12:26;09/07/2025 13:12:26
unexpected data received on the port 443;09/07/2025 13:12:26;09/07/2025 13:12:26
unexpected data received on the port 443;09/07/2025 13:12:26;09/07/2025 13:12:26
unexpected data received on the port 443;09/07/2025 13:12:26;09/07/2025 13:12:26
unexpected data received on the port 443;09/07/2025 13:12:26;09/07/2025 13:12:26
unexpected data received on the port 443;09/07/2025 13:12:26;09/07/2025 13:12:26
unexpected data received on the port 443;09/07/2025 13:12:27;09/07/2025 13:12:27
unexpected data received on the port 443;09/07/2025 13:12:27;09/07/2025 13:12:27
unexpected data received on the port 443;09/07/2025 13:12:27;09/07/2025 13:12:27
unexpected data received on the port 443;09/07/2025 13:12:27;09/07/2025 13:12:27
Possible ongoing attack: DoS (UDP flood);09/07/2025 13:12:08;09/07/2025 13:12:28
Possible ongoing attack: DoS (TCP flood);09/07/2025 13:12:08;09/07/2025 13:12:28
Possible ongoing attack: DoS (UDP flood);09/07/2025 13:12:08;09/07/2025 13:12:28
Possible ongoing attack: DoS (TCP flood);09/07/2025 13:12:08;09/07/2025 13:12:28
Possible ongoing attack: DoS (UDP flood);09/07/2025 13:12:08;09/07/2025 13:14:16
Possible ongoing attack: DoS (TCP flood);09/07/2025 13:12:08;09/07/2025 13:14:16
unexpected data received on the port 443;09/07/2025 13:15:21;09/07/2025 13:15:21
unexpected data received on the port 443;09/07/2025 13:15:23;09/07/2025 13:15:23
unexpected data received on the port 443;09/07/2025 13:15:23;09/07/2025 13:15:23
unexpected data received on the port 443;09/07/2025 13:15:23;09/07/2025 13:15:23
unexpected data received on the port 443;09/07/2025 13:15:24;09/07/2025 13:15:24
unexpected data received on the port 443;09/07/2025 13:15:24;09/07/2025 13:15:24
unexpected data received on the port 443;09/07/2025 13:15:24;09/07/2025 13:15:24
unexpected data received on the port 443;09/07/2025 13:15:24;09/07/2025 13:15:24
Possible ongoing attack: DoS (UDP flood);09/07/2025 13:15:21;09/07/2025 13:15:27
Possible ongoing attack: DoS (TCP flood);09/07/2025 13:15:25;09/07/2025 13:15:27
unexpected data received on the port 443;09/07/2025 13:16:54;09/07/2025 13:16:54
unexpected data received on the port 443;09/07/2025 13:16:55;09/07/2025 13:16:55
unexpected data received on the port 443;09/07/2025 13:16:55;09/07/2025 13:16:55
unexpected data received on the port 443;09/07/2025 13:16:55;09/07/2025 13:16:55
unexpected data received on the port 443;09/07/2025 13:16:56;09/07/2025 13:16:56
unexpected data received on the port 443;09/07/2025 13:16:56;09/07/2025 13:16:56
unexpected data received on the port 443;09/07/2025 13:16:56;09/07/2025 13:16:56
unexpected data received on the port 443;09/07/2025 13:16:56;09/07/2025 13:16:56
unexpected data received on the port 443;09/07/2025 13:16:56;09/07/2025 13:16:56
unexpected data received on the port 443;09/07/2025 13:16:56;09/07/2025 13:16:56
unexpected data received on the port 443;09/07/2025 13:16:57;09/07/2025 13:16:57
unexpected data received on the port 443;09/07/2025 13:16:57;09/07/2025 13:16:57
unexpected data received on the port 443;09/07/2025 13:16:57;09/07/2025 13:16:57
unexpected data received on the port 443;09/07/2025 13:16:57;09/07/2025 13:16:57
unexpected data received on the port 443;09/07/2025 13:16:57;09/07/2025 13:16:57
unexpected data received on the port 443;09/07/2025 13:16:57;09/07/2025 13:16:57
unexpected data received on the port 443;09/07/2025 13:16:58;09/07/2025 13:16:58
unexpected data received on the port 443;09/07/2025 13:16:58;09/07/2025 13:16:58
unexpected data received on the port 443;09/07/2025 13:16:58;09/07/2025 13:16:58
unexpected data received on the port 443;09/07/2025 13:16:58;09/07/2025 13:16:58
unexpected data received on the port 443;09/07/2025 13:16:58;09/07/2025 13:16:58
unexpected data received on the port 443;09/07/2025 13:16:58;09/07/2025 13:16:58
unexpected data received on the port 443;09/07/2025 13:16:58;09/07/2025 13:16:58
unexpected data received on the port 443;09/07/2025 13:16:58;09/07/2025 13:16:58
unexpected data received on the port 443;09/07/2025 13:16:58;09/07/2025 13:16:58
unexpected data received on the port 443;09/07/2025 13:16:58;09/07/2025 13:16:58
unexpected data received on the port 443;09/07/2025 13:16:58;09/07/2025 13:16:58
unexpected data received on the port 443;09/07/2025 13:16:58;09/07/2025 13:16:58
unexpected data received on the port 443;09/07/2025 13:16:58;09/07/2025 13:16:58
unexpected data received on the port 443;09/07/2025 13:16:58;09/07/2025 13:16:58
unexpected data received on the port 443;09/07/2025 13:16:58;09/07/2025 13:16:58
unexpected data received on the port 443;09/07/2025 13:16:58;09/07/2025 13:16:58
unexpected data received on the port 443;09/07/2025 13:16:58;09/07/2025 13:16:58
unexpected data received on the port 443;09/07/2025 13:16:58;09/07/2025 13:16:58
unexpected data received on the port 443;09/07/2025 13:16:58;09/07/2025 13:16:58
unexpected data received on the port 443;09/07/2025 13:16:58;09/07/2025 13:16:58
Possible ongoing attack: DoS (ping flood);09/07/2025 13:16:55;09/07/2025 13:16:58
unexpected data received on the port 443;09/07/2025 13:16:59;09/07/2025 13:16:59
unexpected data received on the port 443;09/07/2025 13:16:59;09/07/2025 13:16:59
unexpected data received on the port 443;09/07/2025 13:16:59;09/07/2025 13:16:59
unexpected data received on the port 443;09/07/2025 13:16:59;09/07/2025 13:16:59
unexpected data received on the port 443;09/07/2025 13:16:59;09/07/2025 13:16:59
unexpected data received on the port 443;09/07/2025 13:17:00;09/07/2025 13:17:00
unexpected data received on the port 443;09/07/2025 13:17:00;09/07/2025 13:17:00
unexpected data received on the port 443;09/07/2025 13:17:00;09/07/2025 13:17:00
unexpected data received on the port 443;09/07/2025 13:17:00;09/07/2025 13:17:00
unexpected data received on the port 443;09/07/2025 13:17:00;09/07/2025 13:17:00
unexpected data received on the port 443;09/07/2025 13:17:00;09/07/2025 13:17:00
unexpected data received on the port 443;09/07/2025 13:17:01;09/07/2025 13:17:01
unexpected data received on the port 443;09/07/2025 13:17:01;09/07/2025 13:17:01
unexpected data received on the port 443;09/07/2025 13:17:01;09/07/2025 13:17:01
unexpected data received on the port 443;09/07/2025 13:17:01;09/07/2025 13:17:01
unexpected data received on the port 443;09/07/2025 13:17:01;09/07/2025 13:17:01
unexpected data received on the port 443;09/07/2025 13:17:01;09/07/2025 13:17:01
unexpected data received on the port 443;09/07/2025 13:17:01;09/07/2025 13:17:01
unexpected data received on the port 443;09/07/2025 13:17:01;09/07/2025 13:17:01
unexpected data received on the port 443;09/07/2025 13:17:04;09/07/2025 13:17:04
unexpected data received on the port 443;09/07/2025 13:17:04;09/07/2025 13:17:04
unexpected data received on the port 443;09/07/2025 13:17:04;09/07/2025 13:17:04
unexpected data received on the port 443;09/07/2025 13:17:04;09/07/2025 13:17:04
unexpected data received on the port 443;09/07/2025 13:17:04;09/07/2025 13:17:04
unexpected data received on the port 443;09/07/2025 13:17:04;09/07/2025 13:17:04
unexpected data received on the port 443;09/07/2025 13:17:05;09/07/2025 13:17:05
unexpected data received on the port 443;09/07/2025 13:17:05;09/07/2025 13:17:05
unexpected data received on the port 443;09/07/2025 13:17:06;09/07/2025 13:17:06
unexpected data received on the port 443;09/07/2025 13:17:06;09/07/2025 13:17:06
unexpected data received on the port 443;09/07/2025 13:17:07;09/07/2025 13:17:07
unexpected data received on the port 443;09/07/2025 13:17:07;09/07/2025 13:17:07
unexpected data received on the port 443;09/07/2025 13:17:07;09/07/2025 13:17:07
unexpected data received on the port 443;09/07/2025 13:17:07;09/07/2025 13:17:07
unexpected data received on the port 443;09/07/2025 13:17:07;09/07/2025 13:17:07
unexpected data received on the port 443;09/07/2025 13:17:07;09/07/2025 13:17:07
unexpected data received on the port 443;09/07/2025 13:17:07;09/07/2025 13:17:07
unexpected data received on the port 443;09/07/2025 13:17:07;09/07/2025 13:17:07
unexpected data received on the port 443;09/07/2025 13:17:07;09/07/2025 13:17:07
unexpected data received on the port 443;09/07/2025 13:17:07;09/07/2025 13:17:07
unexpected data received on the port 443;09/07/2025 13:17:08;09/07/2025 13:17:08
unexpected data received on the port 443;09/07/2025 13:17:08;09/07/2025 13:17:08
unexpected data received on the port 443;09/07/2025 13:17:08;09/07/2025 13:17:08
unexpected data received on the port 443;09/07/2025 13:17:08;09/07/2025 13:17:08
unexpected data received on the port 443;09/07/2025 13:17:08;09/07/2025 13:17:08
unexpected data received on the port 443;09/07/2025 13:17:08;09/07/2025 13:17:08
unexpected data received on the port 443;09/07/2025 13:17:08;09/07/2025 13:17:08
unexpected data received on the port 443;09/07/2025 13:17:08;09/07/2025 13:17:08
unexpected data received on the port 443;09/07/2025 13:17:08;09/07/2025 13:17:08
unexpected data received on the port 443;09/07/2025 13:17:08;09/07/2025 13:17:08
unexpected data received on the port 443;09/07/2025 13:17:08;09/07/2025 13:17:08
unexpected data received on the port 443;09/07/2025 13:17:08;09/07/2025 13:17:08
unexpected data received on the port 443;09/07/2025 13:17:08;09/07/2025 13:17:08
unexpected data received on the port 443;09/07/2025 13:17:08;09/07/2025 13:17:08
unexpected data received on the port 443;09/07/2025 13:17:09;09/07/2025 13:17:09
unexpected data received on the port 443;09/07/2025 13:17:09;09/07/2025 13:17:09
unexpected data received on the port 443;09/07/2025 13:17:09;09/07/2025 13:17:09
unexpected data received on the port 443;09/07/2025 13:17:09;09/07/2025 13:17:09
unexpected data received on the port 443;09/07/2025 13:17:09;09/07/2025 13:17:09
unexpected data received on the port 443;09/07/2025 13:17:09;09/07/2025 13:17:09
unexpected data received on the port 443;09/07/2025 13:17:09;09/07/2025 13:17:09
unexpected data received on the port 443;09/07/2025 13:17:09;09/07/2025 13:17:09
unexpected data received on the port 443;09/07/2025 13:17:09;09/07/2025 13:17:09
unexpected data received on the port 443;09/07/2025 13:17:09;09/07/2025 13:17:09
unexpected data received on the port 443;09/07/2025 13:17:09;09/07/2025 13:17:09
unexpected data received on the port 443;09/07/2025 13:17:09;09/07/2025 13:17:09
unexpected data received on the port 443;09/07/2025 13:17:09;09/07/2025 13:17:09
unexpected data received on the port 443;09/07/2025 13:17:09;09/07/2025 13:17:09
unexpected data received on the port 443;09/07/2025 13:17:09;09/07/2025 13:17:09
unexpected data received on the port 443;09/07/2025 13:17:09;09/07/2025 13:17:09
unexpected data received on the port 443;09/07/2025 13:17:10;09/07/2025 13:17:10
unexpected data received on the port 443;09/07/2025 13:17:10;09/07/2025 13:17:10
unexpected data received on the port 443;09/07/2025 13:17:10;09/07/2025 13:17:10
unexpected data received on the port 443;09/07/2025 13:17:10;09/07/2025 13:17:10
unexpected data received on the port 443;09/07/2025 13:17:10;09/07/2025 13:17:10
unexpected data received on the port 443;09/07/2025 13:17:10;09/07/2025 13:17:10
unexpected data received on the port 443;09/07/2025 13:17:10;09/07/2025 13:17:10
unexpected data received on the port 443;09/07/2025 13:17:10;09/07/2025 13:17:10
unexpected data received on the port 443;09/07/2025 13:17:10;09/07/2025 13:17:10
unexpected data received on the port 443;09/07/2025 13:17:10;09/07/2025 13:17:10
unexpected data received on the port 443;09/07/2025 13:17:10;09/07/2025 13:17:10
unexpected data received on the port 443;09/07/2025 13:17:10;09/07/2025 13:17:10
unexpected data received on the port 443;09/07/2025 13:17:10;09/07/2025 13:17:10
unexpected data received on the port 443;09/07/2025 13:17:10;09/07/2025 13:17:10
unexpected data received on the port 443;09/07/2025 13:17:11;09/07/2025 13:17:11
unexpected data received on the port 443;09/07/2025 13:17:11;09/07/2025 13:17:11
unexpected data received on the port 443;09/07/2025 13:17:11;09/07/2025 13:17:11
unexpected data received on the port 443;09/07/2025 13:17:12;09/07/2025 13:17:12
unexpected data received on the port 443;09/07/2025 13:17:12;09/07/2025 13:17:12
unexpected data received on the port 443;09/07/2025 13:17:12;09/07/2025 13:17:12
unexpected data received on the port 443;09/07/2025 13:17:12;09/07/2025 13:17:12
unexpected data received on the port 443;09/07/2025 13:17:12;09/07/2025 13:17:12
unexpected data received on the port 443;09/07/2025 13:17:12;09/07/2025 13:17:12
unexpected data received on the port 443;09/07/2025 13:17:13;09/07/2025 13:17:13
unexpected data received on the port 443;09/07/2025 13:17:13;09/07/2025 13:17:13
unexpected data received on the port 443;09/07/2025 13:17:13;09/07/2025 13:17:13
unexpected data received on the port 443;09/07/2025 13:17:13;09/07/2025 13:17:13
unexpected data received on the port 443;09/07/2025 13:17:14;09/07/2025 13:17:14
unexpected data received on the port 443;09/07/2025 13:17:14;09/07/2025 13:17:14
unexpected data received on the port 443;09/07/2025 13:17:14;09/07/2025 13:17:14
unexpected data received on the port 443;09/07/2025 13:17:14;09/07/2025 13:17:14
unexpected data received on the port 443;09/07/2025 13:17:14;09/07/2025 13:17:14
unexpected data received on the port 443;09/07/2025 13:17:14;09/07/2025 13:17:14
Possible ongoing attack: DoS (UDP flood);09/07/2025 13:16:54;09/07/2025 13:17:15
Possible ongoing attack: DoS (TCP flood);09/07/2025 13:16:55;09/07/2025 13:17:15
unexpected data received on the port 443;09/07/2025 13:18:54;09/07/2025 13:18:54
unexpected data received on the port 443;09/07/2025 13:18:55;09/07/2025 13:18:55
unexpected data received on the port 443;09/07/2025 13:18:55;09/07/2025 13:18:55
unexpected data received on the port 443;09/07/2025 13:18:56;09/07/2025 13:18:56
unexpected data received on the port 443;09/07/2025 13:18:56;09/07/2025 13:18:56
unexpected data received on the port 443;09/07/2025 13:18:56;09/07/2025 13:18:56
unexpected data received on the port 443;09/07/2025 13:18:57;09/07/2025 13:18:57
unexpected data received on the port 443;09/07/2025 13:18:57;09/07/2025 13:18:57
unexpected data received on the port 443;09/07/2025 13:18:58;09/07/2025 13:18:58
unexpected data received on the port 443;09/07/2025 13:19:00;09/07/2025 13:19:00
unexpected data received on the port 443;09/07/2025 13:19:00;09/07/2025 13:19:00
unexpected data received on the port 443;09/07/2025 13:19:00;09/07/2025 13:19:00
unexpected data received on the port 443;09/07/2025 13:19:01;09/07/2025 13:19:01
unexpected data received on the port 443;09/07/2025 13:19:01;09/07/2025 13:19:01
unexpected data received on the port 443;09/07/2025 13:19:01;09/07/2025 13:19:01
unexpected data received on the port 443;09/07/2025 13:19:01;09/07/2025 13:19:01
unexpected data received on the port 443;09/07/2025 13:19:02;09/07/2025 13:19:02
unexpected data received on the port 443;09/07/2025 13:19:02;09/07/2025 13:19:02
unexpected data received on the port 443;09/07/2025 13:19:02;09/07/2025 13:19:02
unexpected data received on the port 443;09/07/2025 13:19:02;09/07/2025 13:19:02
unexpected data received on the port 443;09/07/2025 13:19:02;09/07/2025 13:19:02
unexpected data received on the port 443;09/07/2025 13:19:02;09/07/2025 13:19:02
unexpected data received on the port 443;09/07/2025 13:19:02;09/07/2025 13:19:02
unexpected data received on the port 443;09/07/2025 13:19:02;09/07/2025 13:19:02
unexpected data received on the port 443;09/07/2025 13:19:02;09/07/2025 13:19:02
unexpected data received on the port 443;09/07/2025 13:19:02;09/07/2025 13:19:02
unexpected data received on the port 443;09/07/2025 13:19:02;09/07/2025 13:19:02
unexpected data received on the port 443;09/07/2025 13:19:02;09/07/2025 13:19:02
unexpected data received on the port 443;09/07/2025 13:19:03;09/07/2025 13:19:03
unexpected data received on the port 443;09/07/2025 13:19:03;09/07/2025 13:19:03
unexpected data received on the port 443;09/07/2025 13:19:03;09/07/2025 13:19:03
unexpected data received on the port 443;09/07/2025 13:19:03;09/07/2025 13:19:03
unexpected data received on the port 443;09/07/2025 13:19:03;09/07/2025 13:19:03
unexpected data received on the port 443;09/07/2025 13:19:04;09/07/2025 13:19:04
unexpected data received on the port 443;09/07/2025 13:19:04;09/07/2025 13:19:04
unexpected data received on the port 443;09/07/2025 13:19:04;09/07/2025 13:19:04
unexpected data received on the port 443;09/07/2025 13:19:05;09/07/2025 13:19:05
unexpected data received on the port 443;09/07/2025 13:19:05;09/07/2025 13:19:05
unexpected data received on the port 443;09/07/2025 13:19:05;09/07/2025 13:19:05
unexpected data received on the port 443;09/07/2025 13:19:06;09/07/2025 13:19:06
unexpected data received on the port 443;09/07/2025 13:19:06;09/07/2025 13:19:06
unexpected data received on the port 443;09/07/2025 13:19:06;09/07/2025 13:19:06
unexpected data received on the port 443;09/07/2025 13:19:06;09/07/2025 13:19:06
unexpected data received on the port 443;09/07/2025 13:19:06;09/07/2025 13:19:06
unexpected data received on the port 443;09/07/2025 13:19:06;09/07/2025 13:19:06
unexpected data received on the port 443;09/07/2025 13:19:06;09/07/2025 13:19:06
unexpected data received on the port 443;09/07/2025 13:19:06;09/07/2025 13:19:06
unexpected data received on the port 443;09/07/2025 13:19:06;09/07/2025 13:19:06
unexpected data received on the port 443;09/07/2025 13:19:06;09/07/2025 13:19:06
unexpected data received on the port 443;09/07/2025 13:19:07;09/07/2025 13:19:07
unexpected data received on the port 443;09/07/2025 13:19:07;09/07/2025 13:19:07
unexpected data received on the port 443;09/07/2025 13:19:07;09/07/2025 13:19:07
unexpected data received on the port 443;09/07/2025 13:19:07;09/07/2025 13:19:07
unexpected data received on the port 443;09/07/2025 13:19:07;09/07/2025 13:19:07
unexpected data received on the port 443;09/07/2025 13:19:07;09/07/2025 13:19:07
unexpected data received on the port 443;09/07/2025 13:19:07;09/07/2025 13:19:07
unexpected data received on the port 443;09/07/2025 13:19:07;09/07/2025 13:19:07
unexpected data received on the port 443;09/07/2025 13:19:08;09/07/2025 13:19:08
unexpected data received on the port 443;09/07/2025 13:19:08;09/07/2025 13:19:08
unexpected data received on the port 443;09/07/2025 13:19:08;09/07/2025 13:19:08
unexpected data received on the port 443;09/07/2025 13:19:08;09/07/2025 13:19:08
unexpected data received on the port 443;09/07/2025 13:19:08;09/07/2025 13:19:08
unexpected data received on the port 443;09/07/2025 13:19:08;09/07/2025 13:19:08
unexpected data received on the port 443;09/07/2025 13:19:08;09/07/2025 13:19:08
unexpected data received on the port 443;09/07/2025 13:19:08;09/07/2025 13:19:08
unexpected data received on the port 443;09/07/2025 13:19:08;09/07/2025 13:19:08
unexpected data received on the port 443;09/07/2025 13:19:08;09/07/2025 13:19:08
unexpected data received on the port 443;09/07/2025 13:19:09;09/07/2025 13:19:09
unexpected data received on the port 443;09/07/2025 13:19:09;09/07/2025 13:19:09
unexpected data received on the port 443;09/07/2025 13:19:09;09/07/2025 13:19:09
unexpected data received on the port 443;09/07/2025 13:19:09;09/07/2025 13:19:09
unexpected data received on the port 443;09/07/2025 13:19:09;09/07/2025 13:19:09
unexpected data received on the port 443;09/07/2025 13:19:09;09/07/2025 13:19:09
unexpected data received on the port 443;09/07/2025 13:19:10;09/07/2025 13:19:10
unexpected data received on the port 443;09/07/2025 13:19:10;09/07/2025 13:19:10
unexpected data received on the port 443;09/07/2025 13:19:10;09/07/2025 13:19:10
unexpected data received on the port 443;09/07/2025 13:19:10;09/07/2025 13:19:10
unexpected data received on the port 443;09/07/2025 13:19:10;09/07/2025 13:19:10
unexpected data received on the port 443;09/07/2025 13:19:10;09/07/2025 13:19:10
unexpected data received on the port 443;09/07/2025 13:19:10;09/07/2025 13:19:10
unexpected data received on the port 443;09/07/2025 13:19:11;09/07/2025 13:19:11
unexpected data received on the port 443;09/07/2025 13:19:11;09/07/2025 13:19:11
unexpected data received on the port 443;09/07/2025 13:19:11;09/07/2025 13:19:11
unexpected data received on the port 443;09/07/2025 13:19:11;09/07/2025 13:19:11
unexpected data received on the port 443;09/07/2025 13:19:11;09/07/2025 13:19:11
unexpected data received on the port 443;09/07/2025 13:19:11;09/07/2025 13:19:11
unexpected data received on the port 443;09/07/2025 13:19:11;09/07/2025 13:19:11
unexpected data received on the port 443;09/07/2025 13:19:11;09/07/2025 13:19:11
unexpected data received on the port 443;09/07/2025 13:19:11;09/07/2025 13:19:11
unexpected data received on the port 443;09/07/2025 13:19:11;09/07/2025 13:19:11
unexpected data received on the port 443;09/07/2025 13:19:12;09/07/2025 13:19:12
unexpected data received on the port 443;09/07/2025 13:19:12;09/07/2025 13:19:12
unexpected data received on the port 443;09/07/2025 13:19:13;09/07/2025 13:19:13
unexpected data received on the port 443;09/07/2025 13:19:13;09/07/2025 13:19:13
unexpected data received on the port 443;09/07/2025 13:19:13;09/07/2025 13:19:13
unexpected data received on the port 443;09/07/2025 13:19:13;09/07/2025 13:19:13
unexpected data received on the port 443;09/07/2025 13:19:13;09/07/2025 13:19:13
unexpected data received on the port 443;09/07/2025 13:19:13;09/07/2025 13:19:13
unexpected data received on the port 443;09/07/2025 13:19:13;09/07/2025 13:19:13
unexpected data received on the port 443;09/07/2025 13:19:13;09/07/2025 13:19:13
unexpected data received on the port 443;09/07/2025 13:19:13;09/07/2025 13:19:13
unexpected data received on the port 443;09/07/2025 13:19:13;09/07/2025 13:19:13
unexpected data received on the port 443;09/07/2025 13:19:14;09/07/2025 13:19:14
unexpected data received on the port 443;09/07/2025 13:19:15;09/07/2025 13:19:15
unexpected data received on the port 443;09/07/2025 13:19:16;09/07/2025 13:19:16
unexpected data received on the port 443;09/07/2025 13:19:16;09/07/2025 13:19:16
unexpected data received on the port 443;09/07/2025 13:19:16;09/07/2025 13:19:16
unexpected data received on the port 443;09/07/2025 13:19:16;09/07/2025 13:19:16
unexpected data received on the port 443;09/07/2025 13:19:17;09/07/2025 13:19:17
unexpected data received on the port 443;09/07/2025 13:19:17;09/07/2025 13:19:17
unexpected data received on the port 443;09/07/2025 13:19:17;09/07/2025 13:19:17
unexpected data received on the port 443;09/07/2025 13:19:21;09/07/2025 13:19:21
unexpected data received on the port 443;09/07/2025 13:19:21;09/07/2025 13:19:21
unexpected data received on the port 443;09/07/2025 13:19:21;09/07/2025 13:19:21
unexpected data received on the port 443;09/07/2025 13:19:21;09/07/2025 13:19:21
unexpected data received on the port 443;09/07/2025 13:19:21;09/07/2025 13:19:21
unexpected data received on the port 443;09/07/2025 13:19:21;09/07/2025 13:19:21
unexpected data received on the port 443;09/07/2025 13:19:22;09/07/2025 13:19:22
unexpected data received on the port 443;09/07/2025 13:19:22;09/07/2025 13:19:22
unexpected data received on the port 443;09/07/2025 13:19:22;09/07/2025 13:19:22
unexpected data received on the port 443;09/07/2025 13:19:22;09/07/2025 13:19:22
unexpected data received on the port 443;09/07/2025 13:19:22;09/07/2025 13:19:22
unexpected data received on the port 443;09/07/2025 13:19:22;09/07/2025 13:19:22
unexpected data received on the port 443;09/07/2025 13:19:22;09/07/2025 13:19:22
unexpected data received on the port 443;09/07/2025 13:19:22;09/07/2025 13:19:22
unexpected data received on the port 443;09/07/2025 13:19:22;09/07/2025 13:19:22
unexpected data received on the port 443;09/07/2025 13:19:22;09/07/2025 13:19:22
unexpected data received on the port 443;09/07/2025 13:19:22;09/07/2025 13:19:22
unexpected data received on the port 443;09/07/2025 13:19:23;09/07/2025 13:19:23
unexpected data received on the port 443;09/07/2025 13:19:23;09/07/2025 13:19:23
unexpected data received on the port 443;09/07/2025 13:19:23;09/07/2025 13:19:23
unexpected data received on the port 443;09/07/2025 13:19:23;09/07/2025 13:19:23
unexpected data received on the port 443;09/07/2025 13:19:23;09/07/2025 13:19:23
unexpected data received on the port 443;09/07/2025 13:19:23;09/07/2025 13:19:23
unexpected data received on the port 443;09/07/2025 13:19:23;09/07/2025 13:19:23
unexpected data received on the port 443;09/07/2025 13:19:23;09/07/2025 13:19:23
unexpected data received on the port 443;09/07/2025 13:19:23;09/07/2025 13:19:23
unexpected data received on the port 443;09/07/2025 13:19:23;09/07/2025 13:19:23
unexpected data received on the port 443;09/07/2025 13:19:23;09/07/2025 13:19:23
unexpected data received on the port 443;09/07/2025 13:19:24;09/07/2025 13:19:24
unexpected data received on the port 443;09/07/2025 13:19:24;09/07/2025 13:19:24
unexpected data received on the port 443;09/07/2025 13:19:24;09/07/2025 13:19:24
unexpected data received on the port 443;09/07/2025 13:19:24;09/07/2025 13:19:24
unexpected data received on the port 443;09/07/2025 13:19:24;09/07/2025 13:19:24
unexpected data received on the port 443;09/07/2025 13:19:24;09/07/2025 13:19:24
unexpected data received on the port 443;09/07/2025 13:19:24;09/07/2025 13:19:24
unexpected data received on the port 443;09/07/2025 13:19:24;09/07/2025 13:19:24
unexpected data received on the port 443;09/07/2025 13:19:24;09/07/2025 13:19:24
unexpected data received on the port 443;09/07/2025 13:19:24;09/07/2025 13:19:24
unexpected data received on the port 443;09/07/2025 13:19:24;09/07/2025 13:19:24
unexpected data received on the port 443;09/07/2025 13:19:24;09/07/2025 13:19:24
unexpected data received on the port 443;09/07/2025 13:19:24;09/07/2025 13:19:24
Possible ongoing attack: DoS (ping flood);09/07/2025 13:19:19;09/07/2025 13:19:24
unexpected data received on the port 443;09/07/2025 13:19:25;09/07/2025 13:19:25
unexpected data received on the port 443;09/07/2025 13:19:25;09/07/2025 13:19:25
unexpected data received on the port 443;09/07/2025 13:19:25;09/07/2025 13:19:25
unexpected data received on the port 443;09/07/2025 13:19:25;09/07/2025 13:19:25
unexpected data received on the port 443;09/07/2025 13:19:25;09/07/2025 13:19:25
unexpected data received on the port 443;09/07/2025 13:19:25;09/07/2025 13:19:25
unexpected data received on the port 443;09/07/2025 13:19:26;09/07/2025 13:19:26
unexpected data received on the port 443;09/07/2025 13:19:26;09/07/2025 13:19:26
unexpected data received on the port 443;09/07/2025 13:19:26;09/07/2025 13:19:26
unexpected data received on the port 443;09/07/2025 13:19:26;09/07/2025 13:19:26
unexpected data received on the port 443;09/07/2025 13:19:26;09/07/2025 13:19:26
unexpected data received on the port 443;09/07/2025 13:19:26;09/07/2025 13:19:26
unexpected data received on the port 443;09/07/2025 13:19:26;09/07/2025 13:19:26
unexpected data received on the port 443;09/07/2025 13:19:27;09/07/2025 13:19:27
unexpected data received on the port 443;09/07/2025 13:19:27;09/07/2025 13:19:27
unexpected data received on the port 443;09/07/2025 13:19:27;09/07/2025 13:19:27
unexpected data received on the port 443;09/07/2025 13:19:27;09/07/2025 13:19:27
unexpected data received on the port 443;09/07/2025 13:19:27;09/07/2025 13:19:27
unexpected data received on the port 443;09/07/2025 13:19:27;09/07/2025 13:19:27
unexpected data received on the port 443;09/07/2025 13:19:28;09/07/2025 13:19:28
unexpected data received on the port 443;09/07/2025 13:19:28;09/07/2025 13:19:28
unexpected data received on the port 443;09/07/2025 13:19:28;09/07/2025 13:19:28
unexpected data received on the port 443;09/07/2025 13:19:28;09/07/2025 13:19:28
unexpected data received on the port 443;09/07/2025 13:19:28;09/07/2025 13:19:28
unexpected data received on the port 443;09/07/2025 13:19:28;09/07/2025 13:19:28
unexpected data received on the port 443;09/07/2025 13:19:29;09/07/2025 13:19:29
unexpected data received on the port 443;09/07/2025 13:19:29;09/07/2025 13:19:29
unexpected data received on the port 443;09/07/2025 13:19:29;09/07/2025 13:19:29
unexpected data received on the port 443;09/07/2025 13:19:29;09/07/2025 13:19:29
unexpected data received on the port 443;09/07/2025 13:19:31;09/07/2025 13:19:31
unexpected data received on the port 443;09/07/2025 13:19:31;09/07/2025 13:19:31
unexpected data received on the port 443;09/07/2025 13:19:31;09/07/2025 13:19:31
unexpected data received on the port 443;09/07/2025 13:19:31;09/07/2025 13:19:31
unexpected data received on the port 443;09/07/2025 13:19:31;09/07/2025 13:19:31
unexpected data received on the port 443;09/07/2025 13:19:31;09/07/2025 13:19:31
unexpected data received on the port 443;09/07/2025 13:19:31;09/07/2025 13:19:31
unexpected data received on the port 443;09/07/2025 13:19:31;09/07/2025 13:19:31
unexpected data received on the port 443;09/07/2025 13:19:31;09/07/2025 13:19:31
unexpected data received on the port 443;09/07/2025 13:19:31;09/07/2025 13:19:31
unexpected data received on the port 443;09/07/2025 13:19:33;09/07/2025 13:19:33
unexpected data received on the port 443;09/07/2025 13:19:33;09/07/2025 13:19:33
unexpected data received on the port 443;09/07/2025 13:19:33;09/07/2025 13:19:33
unexpected data received on the port 443;09/07/2025 13:19:33;09/07/2025 13:19:33
unexpected data received on the port 443;09/07/2025 13:19:33;09/07/2025 13:19:33
unexpected data received on the port 443;09/07/2025 13:19:33;09/07/2025 13:19:33
unexpected data received on the port 443;09/07/2025 13:19:33;09/07/2025 13:19:33
unexpected data received on the port 443;09/07/2025 13:19:33;09/07/2025 13:19:33
unexpected data received on the port 443;09/07/2025 13:19:33;09/07/2025 13:19:33
unexpected data received on the port 443;09/07/2025 13:19:34;09/07/2025 13:19:34
unexpected data received on the port 443;09/07/2025 13:19:34;09/07/2025 13:19:34
Possible ongoing attack: DoS (TCP flood);09/07/2025 13:18:55;09/07/2025 13:19:35
Possible ongoing attack: DoS (UDP flood);09/07/2025 13:18:57;09/07/2025 13:19:35
Possible ongoing attack: DoS (TCP flood);09/07/2025 13:35:49;09/07/2025 13:36:14
Possible ongoing attack: DoS (UDP flood);09/07/2025 13:35:53;09/07/2025 13:36:14
Possible ongoing attack: DoS (UDP flood);09/07/2025 13:36:47;09/07/2025 13:37:34
Possible ongoing attack: DoS (TCP flood);09/07/2025 13:36:49;09/07/2025 13:37:34
Possible ongoing attack: DoS (TCP flood);09/07/2025 13:38:18;09/07/2025 13:38:41
Possible ongoing attack: DoS (UDP flood);09/07/2025 13:38:24;09/07/2025 13:38:41
Possible ongoing attack: DoS (TCP flood);09/07/2025 13:43:11;09/07/2025 13:43:23
Possible ongoing attack: DoS (UDP flood);09/07/2025 13:43:08;09/07/2025 13:43:31
Possible ongoing attack: DoS (UDP flood);09/07/2025 13:47:24;09/07/2025 13:47:39
Possible ongoing attack: DoS (TCP flood);09/07/2025 13:47:24;09/07/2025 13:47:41
Possible ongoing attack: DoS (UDP flood);09/07/2025 13:47:40;09/07/2025 13:47:41
Possible ongoing attack: DoS (TCP flood);09/07/2025 13:47:24;09/07/2025 13:48:31
Possible ongoing attack: DoS (UDP flood);09/07/2025 13:47:40;09/07/2025 13:48:31
Possible ongoing attack: DoS (UDP flood);09/07/2025 13:48:52;09/07/2025 13:49:10
Possible ongoing attack: DoS (TCP flood);09/07/2025 13:48:54;09/07/2025 13:49:10
Possible ongoing attack: DoS (UDP flood);09/07/2025 13:48:52;09/07/2025 14:01:42
Possible ongoing attack: DoS (TCP flood);09/07/2025 13:48:54;09/07/2025 14:01:42
